Str_Nr,Average Traffic,Growth %,Truck %
6,41.886709090909086,-1.56,20.994646464646465
9,58.19275415896488,28.61,16.191219963031426
93,38.718350649350654,-9.08,17.46969696969697
